tipo,nombre,url
jugador,Fer López,https://img.sofascore.com/api/v1/player/1526628/image
jugador,Victor Muñoz,https://img.sofascore.com/api/v1/player/1145642/image
jugador,A. Ezzalzouli,https://img.sofascore.com/api/v1/player/1011375/image
jugador,Pablo Torre,https://img.sofascore.com/api/v1/player/1082981/image
jugador,Jan Virgili,https://img.sofascore.com/api/v1/player/1939173/image
jugador,Pau Víctor,https://img.sofascore.com/api/v1/player/1031567/image
jugador,Fermín López,https://img.sofascore.com/api/v1/player/1153270/image
jugador,Nico Serrano,https://img.sofascore.com/api/v1/player/1019318/image
jugador,Kepa Vieites,https://img.sofascore.com/api/v1/player/1010430/image
jugador,Kun Temenuzhkov,https://img.sofascore.com/api/v1/player/972418/image
jugador,Bilal Kandoussi,https://img.sofascore.com/api/v1/player/1014673/image
jugador,Diego Collado,https://img.sofascore.com/api/v1/player/1010551/image
jugador,Nil Jiménez,https://img.sofascore.com/api/v1/player/1010524/image
jugador,Juan Carlos Arana,https://img.sofascore.com/api/v1/player/1084464/image
jugador,Gabri Veiga,https://img.sofascore.com/api/v1/player/1010505/image
jugador,Adrià Altimira,https://img.sofascore.com/api/v1/player/980732/image
jugador,Juanmi Latasa,https://img.sofascore.com/api/v1/player/966679/image
jugador,Javi Antón,https://img.sofascore.com/api/v1/player/1143589/image
jugador,Moha Moukhliss,https://img.sofascore.com/api/v1/player/957593/image
jugador,Alex Forés,https://img.sofascore.com/api/v1/player/1086128/image
jugador,Marco Camús,https://img.sofascore.com/api/v1/player/1034138/image
jugador,Marvin Park,https://img.sofascore.com/api/v1/player/960401/image
jugador,Angel Baena,https://img.sofascore.com/api/v1/player/1031756/image
jugador,Iván Chapela,https://img.sofascore.com/api/v1/player/826012/image
jugador,David Astals,https://img.sofascore.com/api/v1/player/1064208/image
jugador,Iker Bravo,https://img.sofascore.com/api/v1/player/1155571/image
jugador,Ewan Urain,https://img.sofascore.com/api/v1/player/1010311/image
jugador,Álex Blesa,https://img.sofascore.com/api/v1/player/1034705/image
jugador,Jesús Clemente,https://img.sofascore.com/api/v1/player/1084771/image
jugador,Iker Kortajarena,https://img.sofascore.com/api/v1/player/1130805/image
jugador,Edu Gallardo,https://img.sofascore.com/api/v1/player/1164842/image
jugador,Víctor Barberá,https://img.sofascore.com/api/v1/player/1142257/image
jugador,Aisar Ahmed,https://img.sofascore.com/api/v1/player/1398515/image
jugador,Mario Soriano,https://img.sofascore.com/api/v1/player/984622/image
jugador,Iker Losada,https://img.sofascore.com/api/v1/player/992331/image
jugador,Fabrício,https://img.sofascore.com/api/v1/player/883917/image
jugador,Estanis Pedrola,https://img.sofascore.com/api/v1/player/1142256/image
jugador,Carlos Vicente,https://img.sofascore.com/api/v1/player/1084399/image
jugador,Gabri Martínez,https://img.sofascore.com/api/v1/player/2429057/image
jugador,Iker Benito,https://img.sofascore.com/api/v1/player/1086346/image
jugador,Urko Izeta,https://img.sofascore.com/api/v1/player/1430667/image
jugador,Rubén del Campo,https://img.sofascore.com/api/v1/player/865524/image
jugador,Pablo Marín,https://img.sofascore.com/api/v1/player/1139409/image
jugador,Luismi Cruz,https://img.sofascore.com/api/v1/player/966526/image
jugador,Jesús Carrillo,https://img.sofascore.com/api/v1/player/949715/image
jugador,Aritz Pascual,https://img.sofascore.com/api/v1/player/1174291/image
jugador,Alhassan Koroma,https://img.sofascore.com/api/v1/player/990486/image
jugador,Jeremy De León,https://img.sofascore.com/api/v1/player/1214908/image
jugador,Ilias Akhomach,https://img.sofascore.com/api/v1/player/1089108/image
jugador,Óscar Aranda,https://img.sofascore.com/api/v1/player/984626/image
jugador,Iván Ramos,https://img.sofascore.com/api/v1/player/1100581/image
jugador,Marc Tenas,https://img.sofascore.com/api/v1/player/997100/image
jugador,Zacarías Ghailán,https://img.sofascore.com/api/v1/player/997038/image
jugador,Peter González,https://img.sofascore.com/api/v1/player/1048927/image
jugador,Álvaro Rodríguez,https://img.sofascore.com/api/v1/player/2139197/image
jugador,Álex Gonpi,https://img.sofascore.com/api/v1/player/1561738/image
jugador,Abde Raihani,https://img.sofascore.com/api/v1/player/1213236/image
jugador,Jon Guruzeta,https://img.sofascore.com/api/v1/player/1085405/image
jugador,Mohamed Mizzian,https://img.sofascore.com/api/v1/player/950016/image
jugador,Naim García,https://img.sofascore.com/api/v1/player/1134395/image
jugador,Jorge Alastuey,https://img.sofascore.com/api/v1/player/1142239/image
jugador,Ale Marín,https://img.sofascore.com/api/v1/player/1165454/image
jugador,Guillem Naranjo,https://img.sofascore.com/api/v1/player/1408175/image
jugador,David Larrubia,https://img.sofascore.com/api/v1/player/1002405/image
jugador,Marc Marruecos,https://img.sofascore.com/api/v1/player/1500364/image
jugador,Pablo Durán,https://img.sofascore.com/api/v1/player/1398524/image
jugador,Oriol Soldevila,https://img.sofascore.com/api/v1/player/997037/image
jugador,Jorge Aguirre,https://img.sofascore.com/api/v1/player/1085371/image
jugador,Jon Magunazelaia,https://img.sofascore.com/api/v1/player/1134396/image
jugador,Juan Serrano,https://img.sofascore.com/api/v1/player/1017331/image
jugador,Nils Mortimer,https://img.sofascore.com/api/v1/player/932629/image
jugador,Salim El Jebari,https://img.sofascore.com/api/v1/player/1142596/image
jugador,Ale García,https://img.sofascore.com/api/v1/player/1130503/image
jugador,Diego Talaverón,https://img.sofascore.com/api/v1/player/1142103/image
jugador,Alex Cerdá,https://img.sofascore.com/api/v1/player/1514285/image
jugador,Alberto Dadie,https://img.sofascore.com/api/v1/player/1170458/image
jugador,Asier Osambela,https://img.sofascore.com/api/v1/player/1399702/image
jugador,Yeremay Hernández,https://img.sofascore.com/api/v1/player/1096950/image
jugador,Antonio Casas,https://img.sofascore.com/api/v1/player/1084728/image
jugador,Fabio Blanco,https://img.sofascore.com/api/v1/player/1130363/image
jugador,Julito Martínez,https://img.sofascore.com/api/v1/player/1010857/image
jugador,Dani Lorenzo,https://img.sofascore.com/api/v1/player/1465424/image
jugador,Alfon González,https://img.sofascore.com/api/v1/player/1468090/image
jugador,Diego Percan,https://img.sofascore.com/api/v1/player/1120497/image
jugador,David Mella,https://img.sofascore.com/api/v1/player/1146312/image
jugador,Sergio Rodelas,https://img.sofascore.com/api/v1/player/1526648/image
jugador,Pablo Sáenz,https://img.sofascore.com/api/v1/player/1175743/image
jugador,Nabil Touaizi,https://img.sofascore.com/api/v1/player/904849/image
jugador,Cedric Teguia,https://img.sofascore.com/api/v1/player/910033/image
jugador,Slavy,https://img.sofascore.com/api/v1/player/1014740/image
jugador,Álex Calatrava,https://img.sofascore.com/api/v1/player/1136863/image
jugador,Marc Guiu,https://img.sofascore.com/api/v1/player/1414933/image
jugador,Álex Cardero,https://img.sofascore.com/api/v1/player/1085265/image
jugador,Nico Paz,https://img.sofascore.com/api/v1/player/1171451/image
jugador,Suleiman Camara,https://img.sofascore.com/api/v1/player/1090128/image
jugador,Jonny Arriba,https://img.sofascore.com/api/v1/player/1171544/image
jugador,Toni Fernández,https://img.sofascore.com/api/v1/player/1590761/image
jugador,Alexandro Fernández,https://img.sofascore.com/api/v1/player/1142096/image
jugador,Ilies Faure,https://img.sofascore.com/api/v1/player/1613637/image
jugador,Antonio Toral,https://img.sofascore.com/api/v1/player/1461289/image
jugador,Luis Chacón,https://img.sofascore.com/api/v1/player/863388/image
jugador,Mikel Goti,https://img.sofascore.com/api/v1/player/1136702/image
jugador,Diego Esteban,https://img.sofascore.com/api/v1/player/1011117/image
jugador,Lander Astiazarán,https://img.sofascore.com/api/v1/player/1535581/image
jugador,Ekain Azkune,https://img.sofascore.com/api/v1/player/1407827/image
jugador,Sergio Sanchís,https://img.sofascore.com/api/v1/player/1594178/image
jugador,Yeray Cabanzón,https://img.sofascore.com/api/v1/player/1150431/image
jugador,Peio Canales,https://img.sofascore.com/api/v1/player/1464648/image
jugador,Gonzalo García,https://img.sofascore.com/api/v1/player/1402716/image
jugador,Arkaitz Mariezkurrena,https://img.sofascore.com/api/v1/player/1526575/image
jugador,Jota López,https://img.sofascore.com/api/v1/player/1430756/image
jugador,Víctor Narro,https://img.sofascore.com/api/v1/player/1084463/image
jugador,Raúl Alcaina,https://img.sofascore.com/api/v1/player/1009853/image
jugador,Victor Valverde,https://img.sofascore.com/api/v1/player/1175463/image
jugador,Josep Cerdà,https://img.sofascore.com/api/v1/player/1142255/image
jugador,Adrián Niño,https://img.sofascore.com/api/v1/player/1402927/image
jugador,Darío Ramírez,https://img.sofascore.com/api/v1/player/1546390/image
jugador,Unai Buján,https://img.sofascore.com/api/v1/player/1094410/image
jugador,Xabi Huarte,https://img.sofascore.com/api/v1/player/1100596/image
jugador,Alex Marchal,https://img.sofascore.com/api/v1/player/1602590/image
jugador,Maroan Sannadi,https://img.sofascore.com/api/v1/player/1520799/image
jugador,Diego Bri,https://img.sofascore.com/api/v1/player/1031481/image
jugador,Luis Bilbao,https://img.sofascore.com/api/v1/player/1119442/image
jugador,Antonio Zarzana,https://img.sofascore.com/api/v1/player/936483/image
jugador,Aingeru Olabarrieta,https://img.sofascore.com/api/v1/player/1605227/image
jugador,Ekain Orobengoa,https://img.sofascore.com/api/v1/player/1216296/image
jugador,Manu Garrido,https://img.sofascore.com/api/v1/player/1034124/image
jugador,Diego Aznar,https://img.sofascore.com/api/v1/player/1489952/image
jugador,Johan Guedes,https://img.sofascore.com/api/v1/player/1916257/image
jugador,Kepa Uriarte,https://img.sofascore.com/api/v1/player/962714/image
jugador,Álvaro Leiva,https://img.sofascore.com/api/v1/player/1110138/image
jugador,Rafa Tresaco,https://img.sofascore.com/api/v1/player/987423/image
jugador,Iván Cédric,https://img.sofascore.com/api/v1/player/1514612/image
jugador,Dorian Hanza,https://img.sofascore.com/api/v1/player/1160222/image
jugador,Jon Cabo,https://img.sofascore.com/api/v1/player/1017336/image
jugador,Asier Córdoba,https://img.sofascore.com/api/v1/player/855840/image
jugador,Álex Guti,https://img.sofascore.com/api/v1/player/924663/image
jugador,Mario da Costa,https://img.sofascore.com/api/v1/player/1394434/image
jugador,Aimar Vicandi,https://img.sofascore.com/api/v1/player/1550821/image
jugador,Iker Varela,https://img.sofascore.com/api/v1/player/1441821/image
jugador,Víctor San Bartolomé,https://img.sofascore.com/api/v1/player/910981/image
jugador,Hugo González,https://img.sofascore.com/api/v1/player/996931/image
jugador,Endika Buján,https://img.sofascore.com/api/v1/player/1516599/image
jugador,Ibán Ribeiro,https://img.sofascore.com/api/v1/player/2275753/image
jugador,Julián Mahicas,https://img.sofascore.com/api/v1/player/1049555/image
jugador,Miguel Berlanga,https://img.sofascore.com/api/v1/player/1082967/image
jugador,Nacho Quintana,https://img.sofascore.com/api/v1/player/997101/image
jugador,Ángel Troncho,https://img.sofascore.com/api/v1/player/1130801/image
jugador,Rafa Llorente,https://img.sofascore.com/api/v1/player/1090771/image
jugador,Pol Fortuny,https://img.sofascore.com/api/v1/player/1184325/image
jugador,Asier Bonel,https://img.sofascore.com/api/v1/player/1917868/image
jugador,José Morante,https://img.sofascore.com/api/v1/player/2006447/image
jugador,Oscar Marcos,https://img.sofascore.com/api/v1/player/1466120/image
jugador,Roberto Arroyo,https://img.sofascore.com/api/v1/player/1137585/image
jugador,Rayane Belaid,https://img.sofascore.com/api/v1/player/1179148/image
jugador,Aitor Uzkudun,https://img.sofascore.com/api/v1/player/2201655/image
jugador,Luis Vacas,https://img.sofascore.com/api/v1/player/927410/image
jugador,Christian Albert,https://img.sofascore.com/api/v1/player/965840/image
jugador,Ibra sow,https://img.sofascore.com/api/v1/player/1402929/image
jugador,Elijah Gift,https://img.sofascore.com/api/v1/player/1474267/image
jugador,Pascu,https://img.sofascore.com/api/v1/player/964177/image
jugador,Ander Martín,https://img.sofascore.com/api/v1/player/1134399/image
jugador,Andy Escudero,https://img.sofascore.com/api/v1/player/964890/image
jugador,Raúl Dacosta,https://img.sofascore.com/api/v1/player/1102190/image
jugador,Jose Cambra,https://img.sofascore.com/api/v1/player/1399882/image
jugador,Nico Espinosa,https://img.sofascore.com/api/v1/player/1595873/image
jugador,Victor Mingo,https://img.sofascore.com/api/v1/player/2039192/image
jugador,Omar Janneh,https://img.sofascore.com/api/v1/player/1544436/image
jugador,Daniel Garrido,https://img.sofascore.com/api/v1/player/1010384/image
jugador,Raúl Blanco,https://img.sofascore.com/api/v1/player/1069709/image
jugador,Alexis Ciria,https://img.sofascore.com/api/v1/player/1859823/image
jugador,Borja Calvo,https://img.sofascore.com/api/v1/player/1394708/image
jugador,Abde Damar,https://img.sofascore.com/api/v1/player/1010288/image
jugador,Jaume Jardí,https://img.sofascore.com/api/v1/player/966558/image
jugador,Jorge González,https://img.sofascore.com/api/v1/player/1630962/image
jugador,Juan Artola,https://img.sofascore.com/api/v1/player/1009660/image
jugador,Álvaro Merencio,https://img.sofascore.com/api/v1/player/1594565/image
jugador,Noel López,https://img.sofascore.com/api/v1/player/1137862/image
jugador,José Luis Cortés,https://img.sofascore.com/api/v1/player/1492445/image
jugador,Martin Pedroarena,https://img.sofascore.com/api/v1/player/1924868/image
jugador,Arnau Ortiz,https://img.sofascore.com/api/v1/player/1143553/image
jugador,Gastón Valles,https://img.sofascore.com/api/v1/player/1801596/image
jugador,Rubén Valdera,https://img.sofascore.com/api/v1/player/1145623/image
jugador,Miguel Cubo,https://img.sofascore.com/api/v1/player/2238907/image
jugador,Jairo Noriega,https://img.sofascore.com/api/v1/player/1120500/image
jugador,Davo,https://img.sofascore.com/api/v1/player/1139717/image
jugador,Raúl Rubio,https://img.sofascore.com/api/v1/player/965843/image
jugador,Alejandro Monerris,https://img.sofascore.com/api/v1/player/1979290/image
jugador,Ayman Arguigue,https://img.sofascore.com/api/v1/player/1634376/image
jugador,Víctor Moreno,https://img.sofascore.com/api/v1/player/1184319/image
jugador,Josu Gallastegui,https://img.sofascore.com/api/v1/player/1429064/image
jugador,Carlos Mattheus,https://img.sofascore.com/api/v1/player/1518425/image
jugador,Borja Alonso,https://img.sofascore.com/api/v1/player/1402685/image
jugador,Sergi Armero,https://img.sofascore.com/api/v1/player/1895962/image
jugador,Ibai Sanz,https://img.sofascore.com/api/v1/player/1137817/image
jugador,Álex Costa,https://img.sofascore.com/api/v1/player/1002876/image
jugador,Daniel Yáñez,https://img.sofascore.com/api/v1/player/1546404/image
jugador,Borja Vázquez,https://img.sofascore.com/api/v1/player/1865387/image
jugador,Hamza Bellari,https://img.sofascore.com/api/v1/player/1626550/image
jugador,Óscar Vacas,https://img.sofascore.com/api/v1/player/2235118/image
jugador,Nacho Castillo,https://img.sofascore.com/api/v1/player/1393274/image
jugador,Peque Polo,https://img.sofascore.com/api/v1/player/1010341/image
jugador,Marcos Denia,https://img.sofascore.com/api/v1/player/2166626/image
jugador,Peré Marco,https://img.sofascore.com/api/v1/player/1913383/image
jugador,Isra Domínguez,https://img.sofascore.com/api/v1/player/1487790/image
jugador,Julen Lartitegi,https://img.sofascore.com/api/v1/player/1636838/image
jugador,Ángel Arcos,https://img.sofascore.com/api/v1/player/1832051/image
jugador,Jaime Sancho,https://img.sofascore.com/api/v1/player/1000677/image
jugador,Usse Diao,https://img.sofascore.com/api/v1/player/1942192/image
jugador,Raul Sanchís,https://img.sofascore.com/api/v1/player/1413393/image
jugador,Asier Hierro,https://img.sofascore.com/api/v1/player/1550822/image
jugador,Mariano Carmona,https://img.sofascore.com/api/v1/player/1626662/image
jugador,Iker Luque,https://img.sofascore.com/api/v1/player/1544428/image
jugador,Valentín Gómez,https://img.sofascore.com/api/v1/player/1186010/image
jugador,Juanda Fuentes,https://img.sofascore.com/api/v1/player/1153312/image
jugador,Joel Jorquera,https://img.sofascore.com/api/v1/player/1084416/image
jugador,Neco Celorio,https://img.sofascore.com/api/v1/player/1916265/image
jugador,Álvaro Marín,https://img.sofascore.com/api/v1/player/1519971/image
jugador,Miguelete,https://img.sofascore.com/api/v1/player/1084642/image
jugador,Carlos Reina,https://img.sofascore.com/api/v1/player/1493688/image
jugador,Carlos Lumbreras,https://img.sofascore.com/api/v1/player/1525792/image
jugador,Esteban Aparicio,https://img.sofascore.com/api/v1/player/998751/image
jugador,Ander Yoldi,https://img.sofascore.com/api/v1/player/1084394/image
jugador,César Palacios,https://img.sofascore.com/api/v1/player/1402688/image
jugador,Alberto Collado,https://img.sofascore.com/api/v1/player/1402673/image
jugador,Ibon Sánchez,https://img.sofascore.com/api/v1/player/1484945/image
jugador,Goyo Medina,https://img.sofascore.com/api/v1/player/1119630/image
jugador,Peio Huestamendia,https://img.sofascore.com/api/v1/player/1466121/image
jugador,David Amigo,https://img.sofascore.com/api/v1/player/1108390/image
jugador,Unax Alvarez,https://img.sofascore.com/api/v1/player/2235108/image
jugador,Antonio Pacheco,https://img.sofascore.com/api/v1/player/982575/image
jugador,Juan Agüero,https://img.sofascore.com/api/v1/player/930937/image
jugador,Carlos Rojas,https://img.sofascore.com/api/v1/player/1004408/image
jugador,Carlos Benítez,https://img.sofascore.com/api/v1/player/1099549/image
jugador,Jorge Padilla,https://img.sofascore.com/api/v1/player/1007853/image
jugador,Max Svensson,https://img.sofascore.com/api/v1/player/1085569/image
jugador,José Lara,https://img.sofascore.com/api/v1/player/914419/image
jugador,Marcos Moreno,https://img.sofascore.com/api/v1/player/1523969/image
jugador,R. Marina,https://img.sofascore.com/api/v1/player/1580031/image
jugador,I. Yurrieta,https://img.sofascore.com/api/v1/player/1216291/image
jugador,George Andrews,https://img.sofascore.com/api/v1/player/2202902/image
jugador,Antonio Aranda,https://img.sofascore.com/api/v1/player/1009870/image
jugador,Rodrigo Rodrigues,https://img.sofascore.com/api/v1/player/989091/image
jugador,Diego García,https://img.sofascore.com/api/v1/player/930446/image
jugador,M. Keita,https://img.sofascore.com/api/v1/player/317699/image
jugador,M. Niang,https://img.sofascore.com/api/v1/player/1470773/image
jugador,F. Mwepu,https://img.sofascore.com/api/v1/player/881132/image
jugador,Clau Mendes,https://img.sofascore.com/api/v1/player/940526/image
jugador,A. Shashoua,https://img.sofascore.com/api/v1/player/826143/image
jugador,A. Godoy,https://img.sofascore.com/api/v1/player/1015993/image
jugador,M. Bouzaidi,https://img.sofascore.com/api/v1/player/910104/image
jugador,A. Teijeira,https://img.sofascore.com/api/v1/player/1580581/image
jugador,José Naranjo,https://img.sofascore.com/api/v1/player/1428754/image
jugador,T. Geralnik,https://img.sofascore.com/api/v1/player/1142258/image
jugador,J. Ochieng,https://img.sofascore.com/api/v1/player/1111081/image
jugador,T. Awudu,https://img.sofascore.com/api/v1/player/1066182/image
jugador,E. Eyong,https://img.sofascore.com/api/v1/player/1393673/image
jugador,J. Escobar,https://img.sofascore.com/api/v1/player/942907/image
jugador,García Pascual,https://img.sofascore.com/api/v1/player/1929542/image
jugador,L. de León,https://img.sofascore.com/api/v1/player/976104/image
jugador,Pablo Santiago,https://img.sofascore.com/api/v1/player/1594117/image
jugador,J. Raigal,https://img.sofascore.com/api/v1/player/951820/image
jugador,Mateo Mejía,https://img.sofascore.com/api/v1/player/1134538/image
jugador,Enol Rodríguez,https://img.sofascore.com/api/v1/player/1014687/image
jugador,R. Lucero,https://img.sofascore.com/api/v1/player/1092317/image
jugador,Pau Pérez,https://img.sofascore.com/api/v1/player/1429023/image
jugador,N. Ogbuehi,https://img.sofascore.com/api/v1/player/1851556/image
jugador,Álex Rubio,https://img.sofascore.com/api/v1/player/1526651/image
jugador,K. Sánchez,https://img.sofascore.com/api/v1/player/1010655/image
jugador,H. López Cortés,https://img.sofascore.com/api/v1/player/1869106/image
jugador,Pablo Palacín,https://img.sofascore.com/api/v1/player/2058751/image
jugador,Dani Selma,https://img.sofascore.com/api/v1/player/1428696/image
jugador,Victor Sánchez,https://img.sofascore.com/api/v1/player/1482765/image
jugador,Joselillo Gaitán,https://img.sofascore.com/api/v1/player/2428133/image
jugador,Eric Perez,https://img.sofascore.com/api/v1/player/1869129/image
jugador,F. Viveros,https://img.sofascore.com/api/v1/player/1596558/image
jugador,D. Gómez,https://img.sofascore.com/api/v1/player/1391375/image
jugador,João Resende,https://img.sofascore.com/api/v1/player/1006110/image
jugador,O. Ouhdadi,https://img.sofascore.com/api/v1/player/1594502/image
jugador,V. Kopotun,https://img.sofascore.com/api/v1/player/1484981/image
jugador,J. Rastrojo,https://img.sofascore.com/api/v1/player/1525869/image
jugador,Jon García,https://img.sofascore.com/api/v1/player/1145937/image
jugador,S. El Ftouhi,https://img.sofascore.com/api/v1/player/1513251/image
jugador,Adnane Ghailan,https://img.sofascore.com/api/v1/player/1978037/image
jugador,J. Cuéllar,https://img.sofascore.com/api/v1/player/1009387/image
jugador,S. Hallsson,https://img.sofascore.com/api/v1/player/996859/image
jugador,D. Flakus Bosilj,https://img.sofascore.com/api/v1/player/984000/image
jugador,César Gómez,https://img.sofascore.com/api/v1/player/1441819/image
jugador,Á. Santamaría,https://img.sofascore.com/api/v1/player/1012424/image
jugador,Txus Vizcay,https://img.sofascore.com/api/v1/player/1994155/image
jugador,B. Somuah,https://img.sofascore.com/api/v1/player/1540421/image
jugador,A. García,https://img.sofascore.com/api/v1/player/1402716/image
jugador,J. Farrell,https://img.sofascore.com/api/v1/player/1149869/image
jugador,A. Guerrero,https://img.sofascore.com/api/v1/player/1145643/image
jugador,M. Ochoa,https://img.sofascore.com/api/v1/player/1525787/image
jugador,David Muñoz,https://img.sofascore.com/api/v1/player/1179141/image
jugador,M. Carmona,https://img.sofascore.com/api/v1/player/1626662/image
jugador,Pedro Benito,https://img.sofascore.com/api/v1/player/1146760/image
